file_name,x0,y0,x1,y1,label,score
000000000139.jpg,6.241087913513184,165.66770935058594,154.4300079345703,261.5691223144531,tv,0.7402236461639404
000000000139.jpg,447.91424560546875,120.05052185058594,461.2852783203125,141.7408447265625,clock,0.5860148668289185
000000000139.jpg,362.1553039550781,219.2504425048828,415.0638427734375,317.6438293457031,chair,0.5592547655105591
000000000139.jpg,292.23638916015625,217.54075622558594,352.0634460449219,318.7401428222656,chair,0.5525544285774231
000000000139.jpg,408.5885925292969,157.1987762451172,464.1687316894531,294.7840270996094,person,0.5062083601951599
000000000139.jpg,475.77349853515625,136.92718505859375,525.6585083007812,174.87063598632812,microwave,0.44633379578590393
000000000139.jpg,550.2816162109375,299.98321533203125,586.36328125,400.4912109375,vase,0.44333529472351074
000000000139.jpg,403.73553466796875,219.78445434570312,442.154052734375,305.7433166503906,chair,0.42638298869132996
000000000139.jpg,241.74166870117188,197.79989624023438,253.3543701171875,212.3945770263672,vase,0.4190842807292938
000000000139.jpg,318.9337463378906,229.7779998779297,446.36492919921875,318.33001708984375,dining table,0.395803302526474
000000000139.jpg,446.3536071777344,168.13546752929688,513.0713500976562,287.6857604980469,refrigerator,0.386889785528183
000000000139.jpg,231.59967041015625,175.50624084472656,265.85687255859375,212.55572509765625,potted plant,0.38428544998168945
000000000139.jpg,491.7054748535156,173.43893432617188,512.9918823242188,284.843017578125,refrigerator,0.38116881251335144
000000000139.jpg,558.0020141601562,208.09051513671875,639.6494140625,287.23052978515625,tv,0.379707932472229
000000000139.jpg,350.72174072265625,207.58546447753906,361.80426025390625,230.66796875,vase,0.37919294834136963
000000000139.jpg,313.6422424316406,191.7514190673828,319.5361328125,213.7388916015625,wine glass,0.3638268709182739
000000000139.jpg,333.4817810058594,175.61798095703125,380.4688720703125,230.54933166503906,potted plant,0.3564188778400421
000000000285.jpg,0.7084686160087585,69.619140625,585.4564208984375,637.2613525390625,bear,0.7865327596664429
000000000632.jpg,186.01426696777344,134.33522033691406,240.5854949951172,228.56057739257812,potted plant,0.663337230682373
000000000632.jpg,344.98040771484375,213.86053466796875,429.7073974609375,351.3352966308594,potted plant,0.6540163159370422
000000000632.jpg,0.18619537353515625,280.84857177734375,400.15277099609375,480.8758850097656,bed,0.6454208493232727
000000000632.jpg,246.70346069335938,231.0345001220703,348.8467102050781,318.9386901855469,chair,0.5916000008583069
000000000632.jpg,96.72064208984375,191.5029296875,114.73335266113281,230.4613037109375,bottle,0.41953596472740173
000000000632.jpg,206.0835418701172,204.90560913085938,232.03469848632812,228.4508819580078,vase,0.4108084440231323
000000000724.jpg,119.62934875488281,70.02035522460938,255.4438018798828,225.69009399414062,stop sign,0.8187803030014038
000000000724.jpg,101.73355102539062,273.3721618652344,144.85369873046875,310.5558166503906,truck,0.45169180631637573
000000000724.jpg,17.55790138244629,259.5899658203125,144.8001251220703,314.4210510253906,truck,0.36826735734939575
000000000724.jpg,91.37337493896484,311.64959716796875,166.39761352539062,333.72613525390625,bench,0.3564992845058441
000000000776.jpg,97.87800598144531,1.0516548156738281,427.6650390625,541.7537841796875,teddy bear,0.5567154884338379
000000000776.jpg,0.4331094026565552,269.4914855957031,320.6383972167969,637.4886474609375,teddy bear,0.5082337260246277
000000000776.jpg,0.23749268054962158,53.30259323120117,202.90194702148438,292.80999755859375,teddy bear,0.3799843192100525
000000000785.jpg,280.419189453125,43.35887908935547,496.28521728515625,392.3072509765625,person,0.7231728434562683
000000000785.jpg,208.96359252929688,360.5119323730469,615.4398803710938,399.9687194824219,skis,0.44937047362327576
000000000802.jpg,238.8713836669922,186.171142578125,411.7422180175781,533.3485717773438,refrigerator,0.5787590742111206
000000000802.jpg,32.88582992553711,286.888427734375,162.0244140625,518.9810180664062,oven,0.3761449456214905
000000000872.jpg,370.394287109375,157.76409912109375,432.87457275390625,200.91366577148438,baseball glove,0.5417546033859253
000000000872.jpg,165.5390625,130.37197875976562,424.4305419921875,608.8676147460938,person,0.4753499925136566
000000000872.jpg,404.4373474121094,170.46224975585938,428.006103515625,192.1268310546875,sports ball,0.4526016116142273
000000000872.jpg,286.7077941894531,101.31996154785156,434.75714111328125,554.57568359375,person,0.3703380227088928
000000000885.jpg,397.84063720703125,268.3991394042969,480.287109375,309.509765625,tennis racket,0.7612365484237671
000000000885.jpg,277.6318359375,187.65213012695312,415.7076416015625,397.7342834472656,person,0.7572978734970093
000000000885.jpg,595.0775756835938,26.267593383789062,639.7978515625,250.05197143554688,person,0.7180129289627075
000000000885.jpg,289.9462890625,88.73894500732422,405.6103515625,251.71163940429688,person,0.6932538151741028
000000000885.jpg,260.964599609375,0.07885929942131042,332.18646240234375,12.230201721191406,person,0.49905112385749817
000000000885.jpg,543.9053955078125,0.005843432620167732,610.6661376953125,15.477803230285645,person,0.47598791122436523
000000000885.jpg,498.5830993652344,0.05064387619495392,575.2619018554688,15.228921890258789,person,0.4714692533016205
000000000885.jpg,181.79747009277344,0.011868602596223354,255.50401306152344,11.278976440429688,person,0.46859779953956604
000000000885.jpg,434.9249267578125,0.0834810733795166,458.07867431640625,12.56613826751709,person,0.3857090473175049
000000000885.jpg,0.4152989387512207,0.07944110035896301,56.345970153808594,8.5075101852417,person,0.3826969861984253
000000000885.jpg,245.9468231201172,202.89955139160156,284.3385925292969,240.474609375,sports ball,0.36101648211479187
000000000885.jpg,346.4635009765625,0.07517006993293762,396.5618591308594,11.821681022644043,person,0.35405468940734863
000000001000.jpg,503.6162109375,190.95693969726562,639.9141845703125,478.4334411621094,person,0.705707311630249
000000001000.jpg,204.762451171875,174.15467834472656,307.46826171875,419.0110778808594,person,0.6980472803115845
000000001000.jpg,115.80162048339844,150.84539794921875,197.2284698486328,379.8769836425781,person,0.6978800296783447
000000001000.jpg,412.19976806640625,210.15415954589844,526.0142822265625,478.8247985839844,person,0.6914196014404297
000000001000.jpg,48.554771423339844,185.81082153320312,111.29484558105469,397.10321044921875,person,0.6756999492645264
000000001000.jpg,264.654052734375,97.06432342529297,354.2850341796875,411.8564453125,person,0.6693568229675293
000000001000.jpg,328.0616760253906,152.2053985595703,416.0972595214844,470.06219482421875,person,0.6657945513725281
000000001000.jpg,180.892578125,120.8748550415039,274.0750427246094,394.7137756347656,person,0.6179834008216858
000000001000.jpg,388.7921447753906,159.11190795898438,464.4650573730469,478.78057861328125,person,0.5877498388290405
000000001000.jpg,47.48070526123047,301.4261474609375,94.31895446777344,390.6529541015625,tennis racket,0.5876456499099731
000000001000.jpg,350.0406188964844,122.19497680664062,412.7366943359375,211.49900817871094,person,0.4800451099872589
000000001000.jpg,216.9707489013672,220.82302856445312,268.8331298828125,317.9292297363281,tennis racket,0.3890692889690399
000000001000.jpg,437.2890930175781,107.8443603515625,498.2342834472656,225.1971435546875,person,0.37620747089385986
000000001000.jpg,406.2102966308594,119.32762908935547,443.75225830078125,167.8280029296875,person,0.35963720083236694
000000001268.jpg,402.3272705078125,205.5614471435547,468.1584167480469,293.97412109375,person,0.7795904278755188
000000001268.jpg,23.105602264404297,212.70045471191406,76.7420654296875,283.2544860839844,person,0.7706587910652161
000000001268.jpg,503.5313720703125,79.78498077392578,639.7318115234375,425.30865478515625,person,0.7485990524291992
000000001268.jpg,0.16852736473083496,210.2621612548828,25.783052444458008,280.8836364746094,person,0.7219674587249756
000000001268.jpg,190.32345581054688,225.43019104003906,266.4202880859375,259.4921569824219,bird,0.6079705953598022
000000001268.jpg,0.32642364501953125,128.49266052246094,105.52941131591797,144.50108337402344,boat,0.5010768175125122
000000001268.jpg,125.46881103515625,127.65804290771484,264.20916748046875,142.86447143554688,boat,0.4436019957065582
000000001268.jpg,493.01483154296875,199.8799591064453,595.8173828125,396.35418701171875,handbag,0.42327141761779785
000000001296.jpg,3.5013575553894043,6.816539764404297,426.38946533203125,637.82421875,person,0.6818615198135376
000000001296.jpg,263.7323303222656,21.39225959777832,410.122802734375,232.76702880859375,person,0.4297686219215393
000000001296.jpg,299.2823181152344,142.47378540039062,371.84716796875,278.53668212890625,remote cell phone,0.3928460478782654
000000001353.jpg,62.41862106323242,213.73704528808594,180.65748596191406,357.3230895996094,person,0.6058578491210938
000000001353.jpg,153.7089385986328,184.56190490722656,263.2964172363281,378.97528076171875,person,0.5233523845672607
000000001353.jpg,148.9415283203125,135.51158142089844,223.62684631347656,191.4918975830078,person,0.44323083758354187
000000001353.jpg,220.61065673828125,154.75637817382812,280.41497802734375,217.77923583984375,person,0.40651586651802063
000000001353.jpg,209.86871337890625,196.47767639160156,270.5100402832031,272.8814392089844,person,0.3937591314315796
000000001425.jpg,31.57756805419922,176.67820739746094,439.8493957519531,397.82049560546875,sandwich,0.607026219367981
000000001425.jpg,493.1980895996094,192.19143676757812,639.5745849609375,377.8996887207031,bowl,0.4810236394405365
000000001490.jpg,448.9215393066406,119.57135009765625,500.0061340332031,241.0784454345703,person,0.8776618838310242
000000001490.jpg,360.85595703125,230.54327392578125,580.9884033203125,246.1006622314453,surfboard,0.5743574500083923
000000001503.jpg,120.78721618652344,179.17335510253906,158.28982543945312,199.39834594726562,mouse,0.8848639726638794
000000001503.jpg,0.14686107635498047,98.98905181884766,125.21808624267578,238.57073974609375,laptop,0.8082781434059143
000000001503.jpg,162.078857421875,152.5634307861328,315.2677917480469,196.2743377685547,keyboard,0.7846097946166992
000000001503.jpg,64.67184448242188,150.81192016601562,85.01457214355469,162.6883087158203,cell phone,0.49834829568862915
000000001503.jpg,124.3719482421875,10.736753463745117,237.36355590820312,103.17789459228516,tv,0.454746276140213
000000001532.jpg,426.9485168457031,398.3088073730469,491.0776062011719,452.8276062011719,car,0.7774295806884766
000000001532.jpg,0.30121803283691406,372.4564208984375,114.85017395019531,478.79583740234375,car,0.7671956419944763
000000001532.jpg,104.72991180419922,370.5516357421875,182.94415283203125,439.6230163574219,truck,0.5889900922775269
000000001532.jpg,223.3826446533203,357.06707763671875,422.34527587890625,478.7538757324219,car,0.5789073705673218
000000001532.jpg,201.453369140625,401.00274658203125,242.27981567382812,427.82977294921875,car,0.5735415816307068
000000001532.jpg,405.30743408203125,402.0830383300781,428.8363952636719,428.20184326171875,car,0.5233529806137085
000000001532.jpg,180.3058624267578,404.0375061035156,204.46133422851562,426.0705261230469,car,0.5073307752609253
000000001532.jpg,500.79583740234375,390.9033203125,549.6121215820312,443.1727600097656,truck,0.4545240104198456
000000001584.jpg,130.0550079345703,88.84095764160156,519.4644775390625,532.47998046875,bus,0.8722712397575378
000000001584.jpg,77.59769439697266,376.4389953613281,96.23854064941406,429.9522705078125,person,0.721895694732666
000000001584.jpg,504.016357421875,316.03656005859375,568.6071166992188,383.3145446777344,bus,0.6909223198890686
000000001584.jpg,113.5107421875,380.9785461425781,127.49029541015625,429.39715576171875,person,0.6907583475112915
000000001584.jpg,91.70238494873047,388.5954895019531,103.94742584228516,429.2012939453125,person,0.6158696413040161
000000001584.jpg,298.3236999511719,334.36480712890625,321.03594970703125,366.73089599609375,person,0.6143365502357483
000000001584.jpg,567.3829345703125,315.5451965332031,611.8846435546875,402.9497375488281,bus,0.5947914123535156
000000001584.jpg,191.66867065429688,304.6260070800781,250.91485595703125,368.7970275878906,person,0.47401878237724304
000000001584.jpg,64.54437255859375,353.219482421875,93.95941162109375,367.6952819824219,car,0.38220736384391785
000000001584.jpg,373.3108215332031,199.47998046875,387.6344909667969,256.47998046875,person,0.37100523710250854
000000001675.jpg,0.3536796569824219,11.781148910522461,639.5980834960938,309.3097839355469,cat,0.47767558693885803
000000001675.jpg,116.98663330078125,398.056640625,510.86517333984375,478.0902099609375,keyboard,0.3610149621963501
000000001761.jpg,279.5235290527344,138.0443572998047,334.0233154296875,183.87832641601562,airplane,0.884765088558197
000000001761.jpg,149.89324951171875,8.135452270507812,223.7925567626953,85.95082092285156,airplane,0.8661002516746521
000000001761.jpg,132.6326904296875,628.005859375,149.6092987060547,633.5506591796875,boat,0.45258766412734985
000000001761.jpg,378.2806701660156,631.4586791992188,395.5154724121094,638.3115234375,boat,0.42983365058898926
000000001818.jpg,0.3693199157714844,0.5909823179244995,579.538330078125,423.00732421875,zebra,0.525468647480011
000000001993.jpg,260.5274353027344,195.9863739013672,614.4876098632812,416.59722900390625,bed,0.799263060092926
000000001993.jpg,110.92273712158203,249.48358154296875,228.52963256835938,416.52349853515625,chair,0.68295818567276
000000002006.jpg,45.649757385253906,80.8373031616211,605.6740112304688,425.02008056640625,bus,0.9147695899009705
000000002006.jpg,5.7614874839782715,251.2342071533203,50.54035186767578,360.9042663574219,person,0.8675972819328308
000000002006.jpg,314.2243957519531,188.06304931640625,378.43511962890625,247.27346801757812,person,0.8415552973747253
000000002006.jpg,9.507116317749023,52.44344711303711,31.40323257446289,78.77232360839844,person,0.47669717669487
000000002006.jpg,55.75374221801758,0.3682529926300049,68.60517883300781,31.66326332092285,traffic light,0.47005921602249146
000000002006.jpg,28.108638763427734,271.478515625,34.497711181640625,303.63653564453125,tie,0.40268227458000183
000000002006.jpg,254.1650390625,13.087520599365234,267.52459716796875,43.72154998779297,traffic light,0.36450982093811035
000000002149.jpg,337.13604736328125,70.08511352539062,586.4920654296875,320.4997863769531,apple,0.6780790090560913
000000002149.jpg,96.58937072753906,95.6186294555664,337.7203369140625,326.6707763671875,apple,0.6587672829627991
000000002149.jpg,0.3843212127685547,237.3181915283203,248.69976806640625,396.80267333984375,apple,0.6173098087310791
000000002149.jpg,-0.06826400756835938,154.5587158203125,639.8898315429688,424.7996520996094,bowl,0.5986917614936829
000000002149.jpg,446.10345458984375,299.8473815917969,639.6032104492188,389.103759765625,apple,0.5364452600479126
000000002149.jpg,77.32737731933594,73.93395233154297,240.35888671875,239.97496032714844,apple,0.5107280611991882
000000002149.jpg,252.9657745361328,349.10455322265625,453.879638671875,398.4328308105469,apple,0.4927934408187866
000000002149.jpg,234.83218383789062,301.8298034667969,435.4528503417969,394.0895690917969,apple,0.4823143482208252
000000002153.jpg,282.48114013671875,277.39691162109375,466.419677734375,446.9002685546875,person,0.6466797590255737
000000002153.jpg,175.8326416015625,0.24003982543945312,239.33773803710938,118.43994903564453,person,0.6341094970703125
000000002153.jpg,369.19244384765625,205.7911834716797,435.64752197265625,407.4700012207031,person,0.6122573018074036
000000002153.jpg,274.4404602050781,300.0653381347656,378.295654296875,435.9556884765625,person,0.6081904172897339
000000002153.jpg,392.4449462890625,184.68772888183594,459.0216369628906,224.75254821777344,baseball bat,0.4721200466156006
000000002153.jpg,189.382080078125,105.8374252319336,194.58517456054688,109.91012573242188,sports ball,0.3516721725463867
000000002157.jpg,231.46759033203125,50.8074836730957,291.378662109375,200.94248962402344,wine glass,0.7266847491264343
000000002157.jpg,163.8920440673828,68.51992797851562,232.73756408691406,178.72996520996094,wine glass,0.7109789848327637
000000002157.jpg,87.29940795898438,87.38957977294922,156.51893615722656,177.2239532470703,wine glass,0.62949538230896
000000002157.jpg,15.084867477416992,169.6624298095703,267.9254150390625,363.9822998046875,cake,0.6149694919586182
000000002157.jpg,136.64981079101562,27.87656593322754,197.55191040039062,171.43809509277344,wine glass,0.6145142912864685
000000002157.jpg,0.8772850036621094,48.41283416748047,639.2050170898438,424.20269775390625,dining table,0.5170575976371765
000000002157.jpg,213.93150329589844,284.85418701171875,328.8332824707031,403.031005859375,knife,0.49926236271858215
000000002157.jpg,50.49428939819336,87.15924072265625,91.18119049072266,186.20921325683594,wine glass,0.45908260345458984
000000002157.jpg,403.8426513671875,212.68246459960938,514.696533203125,284.1791687011719,knife spoon,0.4520869553089142
000000002157.jpg,0.22186040878295898,69.42057037353516,51.44404602050781,132.12095642089844,wine glass,0.41149020195007324
000000002157.jpg,491.4013977050781,166.7861785888672,556.9970092773438,232.29437255859375,cup bowl,0.4082070589065552
000000002157.jpg,213.3278045654297,310.44757080078125,408.4034729003906,422.6379699707031,fork knife spoon,0.3938372731208801
000000002157.jpg,49.82982635498047,23.05718231201172,115.89639282226562,174.40560913085938,wine glass,0.3773493766784668
000000002157.jpg,113.542724609375,15.523662567138672,170.65869140625,162.54080200195312,wine glass,0.375261127948761
000000002157.jpg,454.6127624511719,263.3481750488281,506.564453125,295.17376708984375,carrot,0.37042173743247986
000000002157.jpg,476.15032958984375,144.30421447753906,505.4153747558594,186.97259521484375,banana,0.36720478534698486
000000002261.jpg,282.9070129394531,150.74807739257812,380.6602478027344,274.69097900390625,person,0.8354791402816772
000000002299.jpg,101.37318420410156,226.78773498535156,108.9621353149414,242.2447509765625,tie,0.4999472498893738
000000002299.jpg,69.95967864990234,190.66305541992188,135.38119506835938,300.6510314941406,person,0.498189240694046
000000002299.jpg,139.84030151367188,191.87374877929688,212.547119140625,296.2303466796875,person,0.4899316728115082
000000002299.jpg,409.50909423828125,62.16788101196289,415.5508728027344,75.2981948852539,tie,0.4701642692089081
000000002299.jpg,330.7694396972656,59.11713409423828,336.6226806640625,74.17750549316406,tie,0.46563684940338135
000000002299.jpg,326.50469970703125,188.99496459960938,390.1125793457031,287.5010681152344,person,0.4624468982219696
000000002299.jpg,174.74420166015625,229.08229064941406,182.98904418945312,241.2017364501953,tie,0.46124255657196045
000000002299.jpg,386.4852294921875,193.430908203125,456.8596496582031,290.9301452636719,person,0.4538217782974243
000000002299.jpg,265.77044677734375,193.30474853515625,330.47467041015625,287.4831848144531,person,0.4522930681705475
000000002299.jpg,163.0127716064453,26.21774673461914,209.72064208984375,109.32318878173828,person,0.44107407331466675
000000002299.jpg,207.79647827148438,21.378231048583984,256.3210144042969,109.54011535644531,person,0.43918803334236145
000000002299.jpg,112.11672973632812,30.105392456054688,162.0169677734375,121.38078308105469,person,0.43149256706237793
000000002299.jpg,1.1266320943832397,128.23312377929688,45.87595748901367,277.5692138671875,person,0.4248916208744049
000000002299.jpg,259.17242431640625,20.479034423828125,311.57769775390625,113.8609619140625,person,0.42269060015678406
000000002299.jpg,204.65440368652344,189.93511962890625,268.1209411621094,288.84771728515625,person,0.42106449604034424
000000002299.jpg,353.1631774902344,26.90171241760254,394.490478515625,118.38587951660156,person,0.4200335741043091
000000002299.jpg,185.75563049316406,59.942874908447266,191.79116821289062,70.13683319091797,tie,0.4139822721481323
000000002299.jpg,249.71209716796875,123.2632827758789,295.4263916015625,233.8319854736328,person,0.4107120633125305
000000002299.jpg,59.47220993041992,32.27123260498047,113.35212707519531,136.31777954101562,person,0.4100329279899597
000000002299.jpg,308.6123352050781,26.167295455932617,357.2489013671875,116.48492431640625,person,0.4062797725200653
000000002299.jpg,392.6773376464844,29.57427978515625,438.676025390625,117.71216583251953,person,0.4036363959312439
000000002299.jpg,178.6218719482422,115.700439453125,224.41064453125,235.7408447265625,person,0.40328454971313477
000000002299.jpg,225.44287109375,65.80825805664062,279.4963073730469,154.22439575195312,person,0.3983522355556488
000000002299.jpg,428.9972229003906,131.64158630371094,476.0983581542969,278.10650634765625,person,0.3789035677909851
000000002299.jpg,144.02410888671875,81.90499114990234,187.4928436279297,156.49124145507812,person,0.3761489689350128
000000002299.jpg,443.92578125,86.39912414550781,494.591552734375,270.366943359375,person,0.3735966086387634
000000002299.jpg,98.77660369873047,82.06220245361328,146.70957946777344,158.1886444091797,person,0.3729005455970764
000000002299.jpg,320.17144775390625,80.57556915283203,365.9990234375,157.0986785888672,person,0.37013575434684753
000000002299.jpg,288.6890563964844,120.5354232788086,326.07147216796875,225.46568298339844,person,0.36969229578971863
000000002299.jpg,41.100406646728516,126.86639404296875,78.88648986816406,277.16943359375,person,0.3640705645084381
000000002299.jpg,144.86228942871094,123.03447723388672,182.30203247070312,229.21322631835938,person,0.3630107641220093
000000002299.jpg,363.2657165527344,81.96287536621094,409.3684387207031,160.52915954589844,person,0.3620888590812683
000000002299.jpg,407.7375793457031,78.21698760986328,454.33929443359375,158.3943634033203,person,0.3596934974193573
000000002299.jpg,185.17396545410156,81.52201843261719,228.72621154785156,149.4932861328125,person,0.357906311750412
000000002299.jpg,75.34647369384766,134.8270263671875,116.91651153564453,232.51104736328125,person,0.35061293840408325
000000002431.jpg,303.0694580078125,0.38796424865722656,431.0585632324219,212.69508361816406,wine glass,0.8765723705291748
000000002431.jpg,44.330955505371094,377.0953674316406,185.27130126953125,469.5077209472656,spoon,0.7534701824188232
000000002431.jpg,357.9867858886719,416.09783935546875,456.69488525390625,635.0814208984375,cup,0.6997095942497253
000000002431.jpg,179.5038299560547,116.09483337402344,245.37677001953125,193.031982421875,knife,0.6918343901634216
000000002431.jpg,104.5203628540039,391.9604797363281,235.78640747070312,563.8524780273438,bowl,0.5483392477035522
000000002431.jpg,0.40658774971961975,87.0694580078125,456.525390625,636.9921264648438,dining table,0.4557966887950897
000000002431.jpg,104.75735473632812,388.72406005859375,404.9396667480469,564.0717163085938,bowl,0.36751070618629456
000000002473.jpg,437.4673156738281,279.5947570800781,498.2717590332031,381.25335693359375,person,0.7357843518257141
000000002473.jpg,246.34031677246094,93.8542251586914,372.38037109375,243.7201690673828,person,0.7216652631759644
000000002473.jpg,117.82225036621094,340.90032958984375,143.67678833007812,386.1100158691406,person,0.7059138417243958
000000002473.jpg,31.699813842773438,329.1597900390625,58.254608154296875,354.1844787597656,person,0.6187022924423218
000000002473.jpg,285.8331604003906,217.35888671875,327.5413818359375,266.2500915527344,skis,0.5712904930114746
000000002532.jpg,183.69866943359375,304.812255859375,284.9961853027344,476.0382080078125,person,0.8649767637252808
000000002532.jpg,207.84271240234375,442.89300537109375,266.7544250488281,491.1417236328125,skis,0.5305107831954956
000000002587.jpg,171.10220336914062,12.619659423828125,414.9853820800781,266.0220642089844,donut,0.724531352519989
000000002587.jpg,53.15019226074219,124.91297912597656,448.6492919921875,355.8769226074219,banana,0.5973743796348572
000000002592.jpg,28.665828704833984,218.88267517089844,615.1372680664062,315.739990234375,knife,0.8468461632728577
000000002592.jpg,222.0647430419922,33.515499114990234,431.44500732421875,245.06581115722656,cup,0.8296231031417847
000000002685.jpg,161.05380249023438,134.46511840820312,516.202880859375,552.7177734375,person,0.7289561033248901
000000002685.jpg,318.59332275390625,61.850772857666016,634.4392700195312,436.0675048828125,person,0.7005050182342529
000000002685.jpg,24.731626510620117,221.13165283203125,209.44400024414062,549.8294067382812,person,0.6558853983879089
000000002685.jpg,279.997802734375,98.2518081665039,456.47650146484375,344.8918151855469,person,0.5733863711357117
000000002685.jpg,183.29513549804688,122.96333312988281,316.6383056640625,189.62672424316406,person,0.5151011347770691
000000002685.jpg,106.96328735351562,278.20330810546875,151.11312866210938,349.739501953125,bottle,0.4704340696334839
000000002685.jpg,70.24313354492188,200.08526611328125,95.34713745117188,234.5138702392578,wine glass,0.43789467215538025
000000002685.jpg,137.15066528320312,263.4772644042969,177.08831787109375,330.84991455078125,bottle,0.4247620105743408
000000002685.jpg,78.32512664794922,190.7037811279297,105.04701232910156,227.6936798095703,wine glass,0.4118550717830658
000000002685.jpg,156.228271484375,247.96189880371094,179.8813018798828,291.8101501464844,bottle,0.3947981595993042
000000002685.jpg,367.2360534667969,201.5552520751953,383.2773132324219,218.96607971191406,cup,0.3598315119743347
000000002923.jpg,269.1821594238281,241.49383544921875,281.67718505859375,257.4585266113281,bird,0.8016291260719299
000000002923.jpg,135.78440856933594,236.38455200195312,146.07080078125,251.96961975097656,bird,0.7749199271202087
000000002923.jpg,171.89056396484375,158.97877502441406,183.7684783935547,166.519287109375,bird,0.47105374932289124
000000002923.jpg,114.0633316040039,195.6026153564453,131.7923583984375,213.33653259277344,boat,0.4541608989238739
000000002923.jpg,24.609498977661133,198.08621215820312,54.628700256347656,216.99041748046875,boat,0.4043683409690857
000000002923.jpg,407.7827453613281,193.6497039794922,460.6051330566406,209.68551635742188,truck,0.35226044058799744
000000002923.jpg,462.9582824707031,146.8593292236328,499.7851867675781,215.43617248535156,boat,0.3501310646533966
000000003156.jpg,1.5194939374923706,15.949554443359375,369.0254211425781,636.6024169921875,person,0.6481548547744751
000000003156.jpg,0.23794406652450562,161.2397003173828,60.07131576538086,226.42330932617188,sink,0.4738207459449768
000000003156.jpg,254.8011932373047,246.4134521484375,442.6175231933594,617.5575561523438,toilet,0.4208175837993622
000000003255.jpg,296.19921875,313.0054016113281,307.5884094238281,351.9071350097656,person,0.765238881111145
000000003255.jpg,272.9541320800781,316.32275390625,290.2373046875,356.6263732910156,person,0.7512947916984558
000000003255.jpg,260.34222412109375,312.5538330078125,273.1042785644531,357.12646484375,person,0.7126500606536865
000000003255.jpg,234.13246154785156,316.8929443359375,245.40814208984375,356.77783203125,person,0.5806336998939514
000000003255.jpg,238.50343322753906,315.83599853515625,251.71263122558594,358.14849853515625,person,0.5194301605224609
000000003255.jpg,272.27203369140625,319.56146240234375,280.98651123046875,334.2236022949219,backpack,0.44001951813697815
000000003255.jpg,247.6322784423828,320.8623962402344,256.7930908203125,354.6762390136719,person,0.4187910854816437
000000003501.jpg,13.914822578430176,7.969357967376709,605.0264892578125,581.1111450195312,bowl,0.6386168003082275
000000003501.jpg,122.42903900146484,66.69242858886719,255.29000854492188,213.73780822753906,broccoli,0.48735174536705017
000000003501.jpg,265.65692138671875,131.18113708496094,298.0057373046875,186.40731811523438,carrot,0.43480879068374634
000000003501.jpg,284.7088928222656,105.93243408203125,314.94744873046875,147.76007080078125,carrot,0.414922833442688
000000003501.jpg,99.0856704711914,173.52883911132812,208.52279663085938,273.2331848144531,broccoli,0.38635993003845215
000000003553.jpg,182.03933715820312,265.80499267578125,366.593994140625,367.1978759765625,skateboard,0.7732700109481812
000000003553.jpg,153.31259155273438,0.7008237838745117,417.55731201171875,291.01214599609375,person,0.6086238026618958
000000003661.jpg,563.9293212890625,18.577537536621094,639.5491333007812,244.28155517578125,cup,0.6351720690727234
000000003661.jpg,0.3629779815673828,166.37527465820312,118.5081558227539,257.3315124511719,keyboard,0.5573403835296631
000000003661.jpg,90.70112609863281,166.31500244140625,550.4283447265625,347.9669189453125,banana,0.48717182874679565
000000003661.jpg,0.17554759979248047,0.2383403778076172,129.0758056640625,110.66150665283203,tv,0.47605398297309875
000000003661.jpg,62.68503189086914,0.14998626708984375,418.2417297363281,201.93983459472656,banana,0.37820398807525635
000000003845.jpg,109.03553771972656,0.12022443115711212,185.08140563964844,55.37120819091797,cup,0.7375615239143372
000000003845.jpg,170.9700927734375,183.9399871826172,270.505859375,260.28704833984375,broccoli,0.7003982067108154
000000003845.jpg,120.68207550048828,205.4007110595703,181.8098907470703,270.36419677734375,broccoli,0.6709208488464355
000000003845.jpg,0.7852762937545776,0.828869640827179,499.12213134765625,372.384033203125,dining table,0.6108208894729614
000000003845.jpg,184.06381225585938,253.6466064453125,257.21026611328125,323.6747131347656,carrot,0.5834129452705383
000000003845.jpg,450.3016357421875,0.17126184701919556,499.7016906738281,70.56172943115234,chair,0.5406866073608398
000000003845.jpg,163.58811950683594,78.44805145263672,204.9995880126953,137.5248260498047,carrot,0.5400657057762146
000000003845.jpg,213.07659912109375,136.4192657470703,277.33563232421875,194.94215393066406,carrot,0.520896852016449
000000003845.jpg,258.42333984375,187.75930786132812,298.1915588378906,265.2967834472656,carrot,0.4995671808719635
000000003845.jpg,109.091064453125,84.49825286865234,162.24777221679688,121.68096160888672,carrot,0.4759470224380493
000000003845.jpg,49.817745208740234,163.34375,102.82752227783203,202.1796417236328,broccoli,0.464680016040802
000000003845.jpg,136.30064392089844,63.342613220214844,216.11953735351562,82.57585906982422,spoon,0.4281744062900543
000000003845.jpg,135.98170471191406,77.11466979980469,202.6219940185547,92.11053466796875,fork,0.35210710763931274
000000003934.jpg,132.37892150878906,217.5487518310547,374.7169494628906,356.5219421386719,couch,0.712053656578064
000000003934.jpg,151.86077880859375,83.80818939208984,205.66738891601562,225.21615600585938,person,0.664372980594635
000000003934.jpg,199.22445678710938,109.5938949584961,236.15350341796875,232.5858154296875,person,0.6606788635253906
000000003934.jpg,65.16615295410156,144.84719848632812,207.2744140625,460.49969482421875,person,0.6533153057098389
000000003934.jpg,162.339111328125,304.59332275390625,212.04507446289062,311.9548645019531,remote,0.5828943252563477
000000003934.jpg,37.50726318359375,74.22279357910156,103.30290222167969,313.5846862792969,person,0.5785111784934998
000000003934.jpg,294.9504089355469,131.83367919921875,325.6522216796875,221.24302673339844,person,0.5488631129264832
000000003934.jpg,260.9673156738281,142.53396606445312,276.79266357421875,163.22262573242188,person,0.5043599605560303
000000003934.jpg,217.5652618408203,278.76983642578125,237.4226837158203,308.649169921875,wine glass,0.47455349564552307
000000003934.jpg,93.07554626464844,88.68904113769531,156.22312927246094,233.60226440429688,person,0.4675437808036804
000000003934.jpg,361.9921875,158.899658203125,374.5513916015625,174.83926391601562,wine glass,0.4018082916736603
000000004134.jpg,45.08798599243164,43.32978439331055,324.648681640625,423.2424621582031,person,0.7602863907814026
000000004134.jpg,233.3316192626953,45.46086120605469,583.369873046875,423.2624206542969,person,0.7575736045837402
000000004134.jpg,469.52142333984375,111.51982116699219,522.8642578125,178.10025024414062,person,0.6360742449760437
000000004134.jpg,3.383312225341797,112.11186981201172,72.73703002929688,267.25103759765625,person,0.6263023018836975
000000004134.jpg,395.1956481933594,190.75225830078125,432.9724426269531,361.375244140625,tie,0.6082394123077393
000000004134.jpg,236.48013305664062,130.0009765625,268.9905090332031,204.10533142089844,person,0.5871783494949341
000000004134.jpg,297.3930969238281,123.7854232788086,337.3074951171875,271.3010559082031,person,0.5799000263214111
000000004134.jpg,20.779638290405273,246.38870239257812,36.23139953613281,277.57965087890625,wine glass,0.5463824272155762
000000004134.jpg,225.30087280273438,252.39385986328125,239.9644775390625,283.0696716308594,wine glass,0.5138022303581238
000000004134.jpg,575.291748046875,106.44251251220703,637.2261962890625,242.0357666015625,person,0.5030469298362732
000000004134.jpg,189.10647583007812,118.54524993896484,230.00579833984375,253.9782257080078,person,0.49184900522232056
000000004134.jpg,512.7201538085938,140.11204528808594,537.08544921875,180.83226013183594,person,0.4914996325969696
000000004134.jpg,241.37997436523438,196.4850311279297,249.74789428710938,212.20443725585938,wine glass,0.46397337317466736
000000004134.jpg,549.2978515625,141.97232055664062,580.1567993164062,192.87733459472656,person,0.44695043563842773
000000004134.jpg,348.262939453125,137.9524383544922,384.047607421875,198.66659545898438,person,0.4291801154613495
000000004134.jpg,583.142333984375,142.50967407226562,639.8642578125,423.1715393066406,person,0.40912988781929016
000000004134.jpg,541.2738647460938,146.0030059814453,555.2493896484375,173.40689086914062,person,0.36520740389823914
000000004134.jpg,521.4970703125,151.2693634033203,526.300537109375,169.04229736328125,tie,0.36086800694465637
000000004134.jpg,228.86248779296875,203.4431915283203,287.0471496582031,254.61898803710938,dining table,0.35306891798973083
000000004395.jpg,176.26727294921875,270.50732421875,276.5676574707031,637.8103637695312,tie,0.7874042391777039
000000004395.jpg,0.36009401082992554,1.5250205993652344,424.7366638183594,637.3312377929688,person,0.707301676273346
000000004495.jpg,191.2339630126953,111.26741027832031,260.218505859375,177.2676544189453,tv,0.6791460514068604
000000004495.jpg,201.71365356445312,199.1925811767578,496.89910888671875,373.9945068359375,couch,0.6572340130805969
000000004495.jpg,3.181628942489624,147.86868286132812,153.92794799804688,328.1298828125,chair,0.6538136005401611
000000004765.jpg,209.338623046875,126.74024963378906,403.9666442871094,382.7301330566406,person,0.7343034148216248
000000004765.jpg,253.2589569091797,337.2126159667969,533.95068359375,417.57855224609375,surfboard,0.4307252764701843
000000004795.jpg,0.3543853759765625,190.64144897460938,179.085693359375,478.477294921875,laptop,0.6927427649497986
000000004795.jpg,0.4856109619140625,372.2843322753906,177.95101928710938,478.5480041503906,keyboard,0.5819371938705444
000000004795.jpg,20.740413665771484,0.5911016464233398,639.3990478515625,346.9375,tv,0.5152586102485657
000000004795.jpg,516.2537231445312,259.6576843261719,639.56103515625,471.2771301269531,cell phone,0.48015740513801575
000000004795.jpg,84.40507507324219,119.94798278808594,548.8796997070312,477.64349365234375,cat,0.434777170419693
000000005001.jpg,221.53683471679688,255.24859619140625,348.01947021484375,478.62335205078125,person,0.6079851984977722
000000005001.jpg,295.5802917480469,51.856651306152344,355.5184326171875,135.59518432617188,person,0.5949166417121887
000000005001.jpg,344.2817687988281,54.363502502441406,404.9452209472656,157.610595703125,person,0.5771756768226624
000000005001.jpg,367.00946044921875,93.36439514160156,520.569091796875,478.02630615234375,person,0.5729565024375916
000000005001.jpg,433.95989990234375,45.34278106689453,507.42620849609375,162.37786865234375,person,0.5691097974777222
000000005001.jpg,77.24684143066406,225.13597106933594,188.9822235107422,478.4936218261719,person,0.561972439289093
000000005001.jpg,49.19435119628906,52.80585479736328,137.09432983398438,135.2647247314453,person,0.5022130012512207
000000005001.jpg,210.99746704101562,86.48494720458984,373.0462951660156,463.82611083984375,person,0.4424782991409302
000000005001.jpg,527.2208862304688,52.39967727661133,568.2653198242188,124.71925354003906,person,0.4362260699272156
000000005001.jpg,235.18968200683594,60.695987701416016,294.4349060058594,177.0078582763672,person,0.41633379459381104
000000005001.jpg,565.3536376953125,144.65093994140625,639.8591918945312,478.22271728515625,person,0.4080211818218231
000000005001.jpg,43.26732635498047,90.1834945678711,215.2176513671875,354.52783203125,person,0.403368204832077
000000005001.jpg,130.5171356201172,81.3568344116211,179.55079650878906,147.23252868652344,person,0.4018748104572296
000000005001.jpg,503.3561706542969,154.96255493164062,546.234375,264.3714904785156,bicycle,0.37980103492736816
000000005001.jpg,11.891372680664062,33.690433502197266,70.71295166015625,182.03419494628906,person,0.3711920380592346
000000005001.jpg,328.4306335449219,52.495628356933594,358.77935791015625,101.6046142578125,person,0.3687848150730133
000000005001.jpg,528.77197265625,52.20832061767578,629.939453125,291.29400634765625,person,0.3500882685184479
000000005037.jpg,100.56382751464844,21.469823837280273,574.5568237304688,372.4500427246094,bus,0.9142059087753296
000000005037.jpg,572.4833374023438,248.7836456298828,599.747802734375,267.8081970214844,car,0.7451636791229248
000000005037.jpg,622.4938354492188,219.1663818359375,639.888427734375,359.0491943359375,person,0.6775347590446472
000000005037.jpg,596.09228515625,243.18609619140625,613.0930786132812,270.5213623046875,person,0.632975697517395
000000005037.jpg,9.808008193969727,222.56198120117188,21.255111694335938,245.9564208984375,person,0.617952823638916
000000005037.jpg,19.443557739257812,220.5911865234375,31.135549545288086,246.81195068359375,person,0.5764005780220032
000000005037.jpg,29.697853088378906,226.38619995117188,42.39807891845703,247.25180053710938,person,0.4841119050979614
000000005037.jpg,48.06941223144531,222.50106811523438,61.25682067871094,246.99769592285156,person,0.38601136207580566
000000005037.jpg,193.33392333984375,157.1029815673828,222.69134521484375,208.6890869140625,person,0.3790115416049957
000000005037.jpg,609.5933227539062,251.3748321533203,622.9143676757812,266.5238952636719,car,0.3537202775478363
000000005060.jpg,159.6521453857422,308.41448974609375,324.78948974609375,498.1646423339844,person,0.676084578037262
000000005060.jpg,227.518798828125,366.76019287109375,243.82357788085938,402.50726318359375,cell phone,0.39334994554519653
000000005193.jpg,0.2305316925048828,86.45359802246094,220.75820922851562,423.4266052246094,person,0.7970348000526428
000000005193.jpg,131.90171813964844,114.26885223388672,256.9228820800781,423.5231018066406,person,0.763866662979126
000000005193.jpg,289.68731689453125,168.73329162597656,404.44439697265625,400.54339599609375,person,0.7564012408256531
000000005193.jpg,239.2788848876953,63.64731979370117,338.4482116699219,412.8599853515625,surfboard,0.7135757207870483
000000005193.jpg,459.04815673828125,74.92472076416016,566.4573974609375,338.3546142578125,surfboard,0.6903516054153442
000000005193.jpg,223.09002685546875,63.74746322631836,261.1239013671875,186.1860809326172,person,0.6788869500160217
000000005193.jpg,215.71800231933594,293.85784912109375,639.607666015625,423.5007629394531,surfboard,0.5347500443458557
000000005193.jpg,364.385986328125,221.37069702148438,487.196044921875,374.1153564453125,person,0.5180670022964478
000000005193.jpg,368.6461181640625,98.11677551269531,389.70501708984375,171.35594177246094,bottle,0.5034083127975464
000000005193.jpg,279.80902099609375,126.46592712402344,330.71063232421875,186.6110076904297,stop sign,0.43370160460472107
000000005193.jpg,329.7857666015625,98.05858612060547,581.399169921875,290.31097412109375,person,0.3711263835430145
000000005477.jpg,5.821208953857422,103.84904479980469,633.279296875,288.75787353515625,airplane,0.8182653188705444
000000005477.jpg,41.00334167480469,249.53866577148438,145.50193786621094,274.2441101074219,airplane,0.5761927962303162
000000005477.jpg,130.64871215820312,248.4272003173828,198.49981689453125,272.0412902832031,airplane,0.36506959795951843
000000005503.jpg,0.3880649507045746,362.4285888671875,259.8748474121094,498.6642761230469,person,0.47249647974967957
000000005503.jpg,60.33096694946289,269.27777099609375,225.40115356445312,469.1564636230469,toilet,0.4211101233959198
000000005529.jpg,97.86013793945312,125.71005249023438,253.4822540283203,418.10247802734375,person,0.74748694896698
000000005529.jpg,103.06961822509766,412.69158935546875,188.2659454345703,442.89947509765625,skis,0.3752523958683014
000000005586.jpg,141.7881317138672,67.91207122802734,175.69837951660156,157.52420043945312,person,0.5932635068893433
000000005586.jpg,132.25039672851562,170.39498901367188,199.4210662841797,225.05966186523438,person,0.5343648791313171
000000005586.jpg,272.5931091308594,71.86196899414062,295.2777404785156,111.51343536376953,person,0.5103102326393127
000000005586.jpg,291.98004150390625,61.76372146606445,302.052001953125,103.4977798461914,person,0.5077606439590454
000000005586.jpg,130.78346252441406,91.44335174560547,153.0781707763672,103.30979919433594,tennis racket,0.45892441272735596
000000005600.jpg,207.06527709960938,137.92977905273438,539.8950805664062,358.48919677734375,bowl,0.6678078770637512
000000005600.jpg,121.44847869873047,0.22798630595207214,379.30322265625,182.19229125976562,bowl,0.6241865754127502
000000005600.jpg,89.85334777832031,100.50980377197266,212.44940185546875,241.1519775390625,spoon,0.5358995795249939
000000005600.jpg,574.5558471679688,0.09438284486532211,639.697998046875,52.732627868652344,wine glass,0.47724902629852295
000000005600.jpg,0.5631256103515625,0.6563414931297302,639.3790283203125,358.50140380859375,dining table,0.44137150049209595
000000005600.jpg,398.123046875,269.3185119628906,498.5670166015625,352.1408996582031,carrot,0.38770461082458496
000000005600.jpg,612.7526245117188,59.2265510559082,639.7745361328125,80.85310363769531,knife,0.38212358951568604
000000005600.jpg,325.9264831542969,172.7700653076172,429.35009765625,286.81243896484375,banana apple,0.36754366755485535
000000005992.jpg,207.57977294921875,159.84400939941406,502.57672119140625,425.9442443847656,sheep,0.8398499488830566
000000005992.jpg,24.289350509643555,124.16230773925781,236.8254852294922,369.9157409667969,sheep,0.8295866250991821
000000005992.jpg,424.30120849609375,123.99659729003906,580.26171875,409.4454345703125,sheep,0.7739982604980469
000000005992.jpg,557.8976440429688,221.113525390625,639.8577270507812,426.2856750488281,sheep,0.6647252440452576
000000005992.jpg,555.1559448242188,163.32974243164062,639.7119140625,290.0745849609375,sheep,0.6235105991363525
000000006012.jpg,201.79518127441406,243.251708984375,438.423828125,469.4579772949219,apple,0.6482686400413513
000000006012.jpg,90.36979675292969,20.201318740844727,548.7261962890625,500.7723388671875,banana,0.510265052318573
000000006040.jpg,61.055240631103516,83.70378875732422,599.53173828125,307.6141662597656,train,0.9087815284729004
000000006040.jpg,295.9710998535156,201.11358642578125,316.11376953125,226.19944763183594,person,0.72361159324646
000000006040.jpg,331.2118835449219,201.96217346191406,354.5045166015625,230.2091064453125,person,0.6759556531906128
000000006040.jpg,261.67352294921875,197.73939514160156,280.5622253417969,223.00241088867188,person,0.6740431785583496
000000006040.jpg,0.33304929733276367,168.55645751953125,54.275245666503906,210.9990234375,truck,0.6396989822387695
000000006040.jpg,0.2633845806121826,181.23191833496094,30.900449752807617,218.8153533935547,car,0.6387003064155579
000000006040.jpg,350.17742919921875,200.58843994140625,361.0577697753906,231.52667236328125,person,0.5525893568992615
000000006040.jpg,200.16053771972656,199.6203155517578,208.1440887451172,216.12562561035156,person,0.5256621837615967
000000006040.jpg,378.44378662109375,204.62222290039062,397.871826171875,223.37203979492188,person,0.44871026277542114
000000006040.jpg,450.64508056640625,179.21224975585938,476.2703857421875,217.94651794433594,person,0.40065184235572815
000000006040.jpg,126.10767364501953,198.79269409179688,133.20509338378906,209.77696228027344,person,0.36614885926246643
000000006213.jpg,408.53533935546875,268.2508850097656,492.0286865234375,287.3928527832031,sink,0.4923761188983917
000000006213.jpg,588.9494018554688,293.41180419921875,639.63232421875,312.5892028808594,sink,0.3714941442012787
000000006460.jpg,277.73095703125,137.25758361816406,331.653564453125,207.492919921875,person,0.7672436237335205
000000006460.jpg,275.404296875,135.9190216064453,287.22833251953125,234.242919921875,surfboard,0.5019594430923462
000000006471.jpg,17.519380569458008,141.20724487304688,126.35037231445312,323.59759521484375,person,0.640822172164917
000000006471.jpg,259.9210510253906,72.04182434082031,353.0371398925781,298.35821533203125,person,0.6342140436172485
000000006471.jpg,89.56558227539062,72.12004852294922,152.20272827148438,140.09779357910156,person,0.6315992474555969
000000006471.jpg,86.57698059082031,187.75547790527344,241.7782440185547,324.0977783203125,person,0.6197435855865479
000000006471.jpg,168.92494201660156,74.51119995117188,221.90426635742188,132.8118438720703,person,0.6135322451591492
000000006471.jpg,213.73707580566406,72.34761047363281,264.866455078125,129.88082885742188,person,0.6090957522392273
000000006471.jpg,214.74710083007812,231.3476104736328,241.87997436523438,264.50958251953125,baseball glove,0.5967153906822205
000000006471.jpg,26.85820198059082,97.40975952148438,68.95931243896484,146.23226928710938,person,0.5647426843643188
000000006471.jpg,146.3101043701172,102.67752838134766,151.97486877441406,118.47697448730469,bottle,0.5566010475158691
000000006471.jpg,86.24036407470703,107.4424057006836,91.43264770507812,123.46392822265625,bottle,0.556108832359314
000000006471.jpg,0.20428654551506042,90.18418884277344,21.272294998168945,149.13400268554688,person,0.48951253294944763
000000006471.jpg,385.0782775878906,58.98331069946289,476.2490234375,113.6657485961914,person,0.4532141089439392
000000006471.jpg,49.78431701660156,82.00003051757812,104.01888275146484,143.51564025878906,person,0.45278000831604004
000000006471.jpg,301.718505859375,26.566967010498047,364.3699035644531,93.7716293334961,baseball bat,0.43262556195259094
000000006471.jpg,281.3179016113281,77.38124084472656,295.8561706542969,91.46707916259766,person,0.4149799346923828
000000006471.jpg,113.37055969238281,0.11514335870742798,120.23780822753906,10.89576244354248,bottle,0.35991668701171875
000000006614.jpg,125.60466003417969,67.26693725585938,308.6184387207031,251.9005126953125,apple,0.6135513782501221
000000006614.jpg,305.4142150878906,64.03129577636719,483.3778381347656,251.2989044189453,apple,0.5317257642745972
000000006614.jpg,17.830394744873047,39.46634292602539,133.90943908691406,202.1870574951172,apple,0.44526994228363037
000000006723.jpg,282.1250915527344,201.3733673095703,302.64300537109375,212.09930419921875,car,0.8077718615531921
000000006723.jpg,171.3395538330078,203.77821350097656,196.8673095703125,223.7270965576172,car,0.7566742300987244
000000006723.jpg,103.86509704589844,196.4015655517578,108.89946746826172,218.15777587890625,person,0.740619421005249
000000006723.jpg,203.7871551513672,201.18942260742188,241.81915283203125,228.7992706298828,car,0.708378791809082
000000006723.jpg,332.4786071777344,200.10296630859375,345.39898681640625,210.45669555664062,car,0.6530905365943909
000000006723.jpg,362.6120300292969,193.69601440429688,396.7685241699219,223.27658081054688,bus,0.54209303855896
000000006723.jpg,257.3345642089844,197.68309020996094,262.6744384765625,210.26907348632812,person,0.45339375734329224
000000006723.jpg,264.1802062988281,197.67788696289062,268.61029052734375,207.64305114746094,person,0.44274136424064636
000000006763.jpg,244.28143310546875,64.81854248046875,369.706298828125,192.65145874023438,tv,0.5915042757987976
000000006763.jpg,133.86782836914062,235.30291748046875,180.23507690429688,417.85418701171875,tie,0.5345542430877686
000000006763.jpg,0.30811595916748047,212.70774841308594,45.598758697509766,341.88275146484375,person,0.5135536193847656
000000006763.jpg,31.383996963500977,441.87408447265625,71.56333923339844,465.19677734375,remote cell phone,0.37952616810798645
000000006763.jpg,2.2488088607788086,98.74661254882812,333.2690734863281,475.45562744140625,person,0.37726283073425293
000000006771.jpg,537.0801391601562,171.3184051513672,639.8519897460938,425.4881286621094,person,0.7530339956283569
000000006771.jpg,187.13638305664062,101.35143280029297,444.948974609375,425.3013916015625,person,0.745029091835022
000000006771.jpg,382.677490234375,160.7630157470703,570.6617431640625,425.3658447265625,person,0.7178557515144348
000000006771.jpg,0.18205642700195312,1.8720617294311523,244.67861938476562,425.3672790527344,person,0.6873148679733276
000000006771.jpg,387.7908935546875,129.82240295410156,480.7724609375,229.5146942138672,person,0.5337273478507996
000000006771.jpg,262.27606201171875,221.56272888183594,299.6427001953125,303.5003356933594,cell phone,0.46637797355651855
000000006771.jpg,100.22045135498047,144.37576293945312,202.98358154296875,228.9449005126953,person,0.3624044954776764
000000006771.jpg,86.06993103027344,185.09054565429688,221.51663208007812,350.1249694824219,person,0.35881125926971436
000000006818.jpg,185.7230682373047,470.00732421875,292.886962890625,523.99072265625,toilet sink,0.42219552397727966
000000006894.jpg,293.9721984863281,25.026268005371094,639.9019775390625,477.6009826660156,person,0.5760181546211243
000000006894.jpg,0.4155921936035156,87.35497283935547,439.3852233886719,477.5010681152344,elephant,0.37229931354522705
000000006954.jpg,0.3506278991699219,104.51951599121094,165.08868408203125,448.6756286621094,person,0.739609956741333
000000006954.jpg,366.9170837402344,121.45802307128906,639.6593017578125,387.5788269042969,person,0.7364558577537537
000000006954.jpg,198.32467651367188,125.16677856445312,370.2486572265625,372.2430725097656,person,0.6710473895072937
000000006954.jpg,143.75267028808594,136.08480834960938,255.3284912109375,316.84075927734375,person,0.6696760654449463
000000006954.jpg,364.31683349609375,150.63674926757812,448.7655944824219,315.9211730957031,person,0.6560332775115967
000000006954.jpg,460.70648193359375,234.035888671875,602.1027221679688,364.8848876953125,frisbee,0.5663305521011353
000000006954.jpg,251.5557098388672,227.43798828125,363.6620788574219,340.9822082519531,frisbee,0.5452155470848083
000000007088.jpg,178.65835571289062,208.53494262695312,273.6173400878906,461.8412780761719,person,0.6862437725067139
000000007088.jpg,233.03614807128906,153.4715118408203,370.25250244140625,190.94549560546875,truck,0.5352306365966797
000000007088.jpg,81.26561737060547,174.18844604492188,307.365478515625,339.5697021484375,umbrella,0.4856341481208801
000000007108.jpg,121.91828918457031,25.722076416015625,424.4163513183594,423.9983825683594,elephant,0.7682459354400635
000000007108.jpg,397.7318115234375,78.1021957397461,636.3917236328125,424.24652099609375,elephant,0.7218329310417175
000000007108.jpg,118.48280334472656,216.0567169189453,206.8386993408203,346.6455993652344,elephant,0.5233458280563354
000000007108.jpg,338.5840148925781,0.4119720160961151,502.4007873535156,96.12069702148438,elephant,0.5178192257881165
000000007278.jpg,191.27224731445312,59.85935974121094,310.86663818359375,155.65869140625,person,0.8077780604362488
000000007278.jpg,283.27215576171875,56.885555267333984,336.8299560546875,118.58798217773438,surfboard,0.4115566611289978
000000007281.jpg,472.2234802246094,180.6276397705078,547.336669921875,357.29791259765625,horse,0.6764973998069763
000000007281.jpg,551.5040283203125,193.07603454589844,568.295166015625,222.61985778808594,person,0.6423739790916443
000000007281.jpg,2.0643973350524902,229.3256072998047,31.709590911865234,269.84869384765625,person,0.6320562958717346
000000007281.jpg,463.39337158203125,120.71409606933594,545.7782592773438,292.8836364746094,person,0.5812153816223145
000000007281.jpg,572.9578857421875,201.5963134765625,580.5216674804688,213.0366973876953,person,0.5503658652305603
000000007281.jpg,255.17709350585938,199.511962890625,261.4058532714844,206.7860870361328,person,0.5416065454483032
000000007281.jpg,592.5540161132812,202.73851013183594,600.8114013671875,215.29010009765625,person,0.5303027629852295
000000007281.jpg,600.382568359375,203.00393676757812,607.9610595703125,214.6542510986328,person,0.5292017459869385
000000007281.jpg,339.427001953125,132.53012084960938,472.6666564941406,298.1163635253906,person,0.521881639957428
000000007281.jpg,349.0449523925781,188.65493774414062,458.1412353515625,359.707275390625,horse,0.5159868001937866
000000007281.jpg,534.489013671875,208.7190704345703,538.5657348632812,213.61395263671875,person,0.36044198274612427
000000007386.jpg,54.06784439086914,14.468979835510254,599.7030029296875,398.6334533691406,motorcycle,0.6158565878868103
000000007386.jpg,179.47708129882812,280.89581298828125,218.90341186523438,324.8445129394531,dog,0.5811183452606201
000000007386.jpg,222.22471618652344,159.60751342773438,279.3354797363281,212.8468017578125,bicycle,0.5188183784484863
000000007386.jpg,220.8727569580078,99.77558135986328,289.6117248535156,164.7083740234375,bicycle,0.5144510865211487
000000007386.jpg,393.6082458496094,145.98129272460938,519.9049682617188,236.03558349609375,car,0.4892018437385559
000000007511.jpg,376.92822265625,241.43812561035156,508.29638671875,478.2756652832031,person,0.8551900386810303
000000007511.jpg,270.2990417480469,273.5657958984375,281.8433837890625,305.0549011230469,person,0.7596368193626404
000000007511.jpg,238.23788452148438,282.4102478027344,250.51742553710938,306.2672424316406,person,0.7545338869094849
000000007511.jpg,203.8970947265625,124.8634262084961,222.68264770507812,161.4732666015625,kite,0.6114330291748047
000000007511.jpg,522.9422607421875,276.07666015625,532.2403564453125,297.35186767578125,person,0.6086747646331787
000000007511.jpg,622.2135009765625,281.6419372558594,629.7474975585938,297.6209716796875,person,0.453876256942749
000000007511.jpg,220.91737365722656,277.1630554199219,244.97216796875,281.7442321777344,boat,0.4459882080554962
000000007511.jpg,338.9247131347656,275.2950439453125,342.8340148925781,282.9289245605469,person,0.38586166501045227
000000007511.jpg,403.24285888671875,275.952880859375,410.32537841796875,288.8729248046875,person,0.35394689440727234
000000007574.jpg,483.0267028808594,299.0749816894531,508.34210205078125,379.0560607910156,bottle,0.7008468508720398
000000007574.jpg,500.99554443359375,307.031005859375,533.2626342773438,387.3109436035156,bottle,0.6621149778366089
000000007574.jpg,0.4145526885986328,165.74221801757812,101.33063507080078,372.6841735839844,refrigerator,0.6559756398200989
000000007574.jpg,452.9495544433594,307.2774658203125,472.2934265136719,372.52789306640625,wine glass,0.5519372820854187
000000007574.jpg,464.5694580078125,312.74029541015625,484.61517333984375,380.60784912109375,wine glass,0.550234854221344
000000007574.jpg,293.9018859863281,295.3446350097656,345.537841796875,387.6435852050781,bottle,0.5442940592765808
000000007574.jpg,42.53211212158203,355.68310546875,301.7779235839844,431.4879150390625,sink,0.526528537273407
000000007574.jpg,440.87969970703125,301.0201416015625,463.3014221191406,343.5635986328125,cup,0.4892316162586212
000000007574.jpg,305.8140869140625,143.63656616210938,366.171142578125,233.28797912597656,microwave,0.47070273756980896
000000007574.jpg,104.7623519897461,74.67509460449219,149.11158752441406,89.22947692871094,bowl,0.43966999650001526
000000007574.jpg,348.4632568359375,300.67919921875,402.05096435546875,338.7627868652344,bowl,0.4279592037200928
000000007574.jpg,437.6565856933594,343.95892333984375,473.3120422363281,361.14971923828125,bowl,0.4268761873245239
000000007574.jpg,441.84393310546875,320.88653564453125,458.7728271484375,343.45855712890625,cup,0.3957439363002777
000000007574.jpg,125.6137466430664,280.33282470703125,142.24195861816406,292.25830078125,cup,0.38489076495170593
000000007574.jpg,144.75465393066406,282.8249206542969,160.56964111328125,295.82293701171875,cup,0.37200841307640076
000000007574.jpg,111.07023620605469,68.22137451171875,146.72593688964844,75.54662322998047,bowl,0.3700839877128601
000000007784.jpg,88.92691802978516,84.36861419677734,332.99261474609375,303.8220520019531,kite,0.7410655617713928
000000007795.jpg,0.09855270385742188,192.09909057617188,447.66973876953125,425.1655578613281,bed,0.596804678440094
000000007795.jpg,160.0839080810547,190.2808380126953,481.5423583984375,364.08697509765625,bed,0.5639252662658691
000000007795.jpg,129.20803833007812,242.4454345703125,144.462158203125,261.529296875,clock,0.37416937947273254
000000007816.jpg,241.26174926757812,156.46743774414062,467.473388671875,360.9703369140625,motorcycle,0.8245823979377747
000000007816.jpg,246.93182373046875,35.50448226928711,294.8299560546875,143.30372619628906,person,0.8174564242362976
000000007816.jpg,268.96881103515625,78.5054702758789,455.7864990234375,273.52911376953125,person,0.7163323163986206
000000007816.jpg,504.86688232421875,53.30421447753906,543.6031494140625,166.9282989501953,person,0.6980644464492798
000000007816.jpg,490.18182373046875,55.88858413696289,520.921630859375,163.1558837890625,person,0.6733133792877197
000000007816.jpg,416.47039794921875,123.8620376586914,477.461181640625,173.46621704101562,person,0.6331468820571899
000000007816.jpg,545.9464721679688,56.75604248046875,587.7894897460938,171.81246948242188,person,0.6177235245704651
000000007816.jpg,576.4191284179688,45.55268859863281,615.461669921875,185.91587829589844,person,0.5947751998901367
000000007816.jpg,360.97265625,108.17632293701172,418.6265563964844,167.5048828125,person,0.5050367712974548
000000007816.jpg,361.0969543457031,108.24221801757812,384.3009948730469,162.0690460205078,person,0.35521018505096436
000000007818.jpg,132.61048889160156,148.80055236816406,228.19349670410156,370.14581298828125,wine glass,0.681270956993103
000000007818.jpg,331.32977294921875,159.24058532714844,413.15350341796875,349.61474609375,wine glass,0.6693251729011536
000000007818.jpg,400.0215148925781,186.45205688476562,443.212646484375,283.5011901855469,wine glass,0.6391788125038147
000000007818.jpg,451.1927490234375,315.49298095703125,639.6448974609375,360.400146484375,knife,0.5988938808441162
000000007818.jpg,289.672607421875,214.7640838623047,360.3874206542969,311.58038330078125,vase,0.5462294816970825
000000007818.jpg,7.810258865356445,261.48223876953125,115.25214385986328,309.4205627441406,chair,0.42220795154571533
000000007818.jpg,447.7557373046875,266.7203369140625,554.819580078125,282.8000793457031,fork knife spoon,0.40116703510284424
000000007888.jpg,185.42369079589844,248.84742736816406,302.77520751953125,419.423828125,clock,0.5863035321235657
000000007888.jpg,319.32708740234375,243.53610229492188,464.4341125488281,399.74749755859375,clock,0.5690174698829651
000000007888.jpg,172.18634033203125,203.39852905273438,484.1795959472656,549.873291015625,clock,0.3994586765766144
000000007977.jpg,109.84751892089844,148.56793212890625,260.87518310546875,423.37457275390625,person,0.6730858683586121
000000007977.jpg,195.2763671875,344.9957275390625,268.240966796875,425.68597412109375,skateboard,0.5889697670936584
000000007977.jpg,79.99625396728516,204.3975830078125,88.05476379394531,224.66082763671875,person,0.39682239294052124
000000007991.jpg,140.3062744140625,91.0042724609375,513.2530517578125,355.4981689453125,bowl,0.665472149848938
000000007991.jpg,0.47148704528808594,160.5034637451172,149.5384521484375,256.4930419921875,knife,0.5839291214942932
000000007991.jpg,460.5313720703125,0.1417461484670639,551.5833740234375,65.83900451660156,bottle cup,0.4540664553642273
000000007991.jpg,480.95001220703125,108.57067108154297,521.6978759765625,298.1023864746094,scissors,0.35493016242980957
000000008021.jpg,244.13058471679688,99.48868560791016,438.964111328125,364.9906005859375,person,0.791431725025177
000000008021.jpg,0.48317909240722656,253.80909729003906,310.05462646484375,478.2711181640625,person,0.7767539620399475
000000008021.jpg,436.3231201171875,285.5536193847656,639.6746215820312,478.3597106933594,person,0.7443539500236511
000000008021.jpg,316.70263671875,197.4716796875,340.75225830078125,302.0269775390625,tie,0.5563850998878479
000000008211.jpg,325.5169372558594,202.15676879882812,405.9984130859375,350.47235107421875,person,0.8773127794265747
000000008211.jpg,412.57318115234375,181.2967987060547,479.49560546875,345.3404541015625,person,0.8751671314239502
000000008211.jpg,7.268486022949219,165.2890167236328,148.802734375,308.4969482421875,motorcycle,0.3995170295238495
000000008211.jpg,96.16584777832031,159.81874084472656,253.89132690429688,312.08221435546875,motorcycle,0.37959516048431396
000000008211.jpg,431.63970947265625,223.44046020507812,466.29913330078125,285.0199890136719,handbag,0.3547345995903015
000000008277.jpg,25.180410385131836,38.086997985839844,460.7099304199219,359.4264831542969,bowl,0.6177385449409485
000000008277.jpg,388.164306640625,89.48028564453125,611.6145629882812,382.582763671875,fork,0.5992944240570068
000000008532.jpg,156.85025024414062,10.324698448181152,639.3859252929688,423.9425964355469,person,0.6688205599784851
000000008532.jpg,417.6611328125,369.5065002441406,494.90869140625,424.5422058105469,tie,0.5506224632263184
000000008629.jpg,428.7760009765625,236.35537719726562,620.5211791992188,392.905029296875,pizza,0.5861705541610718
000000008629.jpg,226.6942596435547,429.89202880859375,415.6143798828125,620.1909790039062,pizza,0.5675796270370483
000000008629.jpg,429.1473083496094,18.626375198364258,621.310791015625,187.4884796142578,pizza,0.5435582995414734
000000008629.jpg,43.815528869628906,433.3978271484375,189.5677490234375,598.1444702148438,pizza,0.5265793204307556
000000008629.jpg,592.4688110351562,284.8809814453125,621.671875,338.21466064453125,fork,0.5087856650352478
000000008629.jpg,430.59942626953125,429.35205078125,615.8471069335938,580.3370361328125,pizza,0.45845189690589905
000000008629.jpg,429.7596435546875,224.0679931640625,563.68505859375,260.9779052734375,knife,0.42458924651145935
000000008629.jpg,18.793582916259766,18.988208770751953,413.2151794433594,374.7896728515625,pizza,0.3872600197792053
000000008690.jpg,133.0563507080078,21.250747680664062,351.36126708984375,391.6966552734375,person,0.6392328143119812
000000008690.jpg,72.04269409179688,8.61668586730957,174.43899536132812,308.2120361328125,person,0.61468505859375
000000008690.jpg,321.05267333984375,76.95792388916016,507.2922058105469,395.8661804199219,person,0.5088311433792114
000000008690.jpg,34.12361145019531,238.8031768798828,509.1317443847656,478.22503662109375,sheep,0.5064440369606018
000000008690.jpg,356.3333740234375,304.13690185546875,639.599853515625,478.9395751953125,sheep,0.484345018863678
000000008762.jpg,166.07481384277344,104.66419219970703,185.0892791748047,144.3553466796875,traffic light,0.8394361734390259
000000008762.jpg,58.74845504760742,84.83203887939453,78.0079345703125,145.0240936279297,traffic light,0.8286125063896179
000000008762.jpg,493.35369873046875,179.2237091064453,514.9080810546875,220.909423828125,traffic light,0.6192284226417542
000000008762.jpg,0.20071625709533691,278.06103515625,27.53382682800293,303.998291015625,car,0.5981441140174866
000000008762.jpg,503.95166015625,229.37347412109375,517.5665283203125,243.06890869140625,traffic light,0.5130434036254883
000000008762.jpg,485.116455078125,230.48960876464844,494.3359069824219,244.6610870361328,traffic light,0.38136208057403564
000000008844.jpg,356.270751953125,55.52756118774414,584.5950927734375,288.41168212890625,person,0.6322184205055237
000000008844.jpg,339.842041015625,187.2854461669922,371.3412780761719,249.4667510986328,person,0.5333691835403442
000000008844.jpg,0.38631439208984375,117.24698638916016,386.3519592285156,423.3605041503906,banana,0.4585634171962738
000000008844.jpg,366.24554443359375,244.98207092285156,636.2263793945312,392.73992919921875,banana,0.3556317090988159
000000008899.jpg,139.6607208251953,392.69647216796875,181.73133850097656,492.7044372558594,fire hydrant,0.8757110834121704
000000008899.jpg,26.548860549926758,352.984619140625,72.52327728271484,448.74444580078125,bicycle,0.453110009431839
000000009378.jpg,188.8859100341797,215.91310119628906,359.1109924316406,256.94097900390625,frisbee,0.638917088508606
000000009378.jpg,70.81047821044922,43.277774810791016,477.9457702636719,391.51678466796875,person,0.5958834290504456
000000009378.jpg,422.4087829589844,333.4852600097656,483.081298828125,390.3365478515625,person,0.43938636779785156
000000009378.jpg,316.061279296875,330.3877258300781,394.7537841796875,391.9691162109375,person,0.377838134765625
000000009378.jpg,488.2895812988281,319.0573425292969,533.5906372070312,389.82733154296875,person,0.3641785979270935
000000009378.jpg,539.1051025390625,291.0760192871094,592.3456420898438,389.87945556640625,person,0.3584350645542145
000000009400.jpg,142.88592529296875,93.2496566772461,278.653076171875,262.3852844238281,person,0.6711227893829346
000000009400.jpg,327.39776611328125,219.17727661132812,500.59173583984375,335.7550964355469,laptop,0.6640624403953552
000000009400.jpg,359.5942687988281,283.1129455566406,402.49517822265625,363.7251281738281,cup,0.6012210845947266
000000009400.jpg,457.0823974609375,368.4474792480469,587.0204467773438,478.5869140625,keyboard,0.5908503532409668
000000009400.jpg,263.8309020996094,231.5948486328125,477.77801513671875,478.17352294921875,laptop,0.5872781276702881
000000009400.jpg,84.73644256591797,210.97816467285156,215.3856201171875,276.6872863769531,laptop,0.5868390798568726
000000009400.jpg,312.9180908203125,85.2359848022461,457.47808837890625,284.6741943359375,person,0.5795772671699524
000000009400.jpg,459.8797607421875,93.0751724243164,639.8717651367188,417.8577575683594,person,0.5731046199798584
000000009400.jpg,0.8050823211669922,90.41365051269531,110.17902374267578,211.35972595214844,person,0.5719720125198364
000000009400.jpg,459.7635498046875,354.57342529296875,515.3803100585938,382.9104309082031,mouse,0.5622590780258179
000000009400.jpg,66.88526916503906,306.71148681640625,262.83843994140625,478.33355712890625,tv laptop,0.5494821071624756
000000009400.jpg,563.0071411132812,49.6037712097168,615.4098510742188,123.72819519042969,person,0.5189794301986694
000000009400.jpg,250.43536376953125,416.2569885253906,317.56005859375,478.8296203613281,cup,0.5005289912223816
000000009400.jpg,188.88861083984375,262.5166320800781,218.0903778076172,314.2842712402344,bottle,0.47662681341171265
000000009400.jpg,36.22780227661133,259.069580078125,76.77857208251953,317.5165100097656,cup,0.4758416712284088
000000009400.jpg,276.05609130859375,60.95527267456055,369.2657775878906,198.57046508789062,person,0.472809761762619
000000009400.jpg,0.28239011764526367,216.82789611816406,61.02801513671875,315.7179260253906,laptop,0.45254454016685486
000000009400.jpg,215.7404327392578,251.23074340820312,247.2308349609375,315.76959228515625,bottle,0.43396905064582825
000000009400.jpg,0.2664661407470703,173.47027587890625,102.2335205078125,260.63873291015625,laptop,0.3961640000343323
000000009400.jpg,55.0875129699707,218.65869140625,82.78875732421875,263.3748779296875,cup,0.39203324913978577
000000009400.jpg,527.6773681640625,413.5948486328125,639.662109375,478.66162109375,person,0.3900263011455536
000000009448.jpg,136.24781799316406,99.13148498535156,381.23223876953125,637.388671875,person,0.7943068742752075
000000009448.jpg,0.21514898538589478,0.7032394409179688,550.8233642578125,389.7220153808594,umbrella,0.4718925952911377
000000009448.jpg,242.7746124267578,301.2215270996094,298.89776611328125,373.8704833984375,baseball glove,0.4181923270225525
000000009448.jpg,204.37216186523438,258.4547424316406,297.1314697265625,422.92205810546875,tie,0.37052834033966064
000000009483.jpg,375.3704833984375,361.552978515625,408.83514404296875,378.72589111328125,mouse,0.8261906504631042
000000009483.jpg,306.0352783203125,317.1070556640625,422.21783447265625,361.8366394042969,keyboard,0.7919299006462097
000000009483.jpg,458.6700439453125,211.2604522705078,578.3587646484375,354.8010559082031,tv,0.7244949340820312
000000009483.jpg,37.997947692871094,61.9013786315918,176.81912231445312,477.89312744140625,person,0.5963889956474304
000000009483.jpg,299.4814758300781,74.90766143798828,382.6429748535156,232.7906951904297,person,0.5082611441612244
000000009483.jpg,165.7685089111328,262.1799621582031,304.2046813964844,337.219970703125,laptop,0.4989863336086273
000000009483.jpg,342.3373107910156,200.40008544921875,438.54595947265625,284.095703125,chair,0.4523757994174957
000000009483.jpg,260.8959045410156,205.15740966796875,308.0917663574219,256.45831298828125,chair,0.43943852186203003
000000009483.jpg,109.87708282470703,142.3079071044922,129.64620971679688,209.1542510986328,tie,0.3972594738006592
000000009483.jpg,300.0244445800781,194.61050415039062,340.7652587890625,252.24658203125,chair,0.3944425582885742
000000009590.jpg,348.01129150390625,271.7836608886719,385.3775329589844,310.1717529296875,cup,0.6694971323013306
000000009590.jpg,377.1156005859375,169.1685333251953,455.4400329589844,260.84539794921875,person,0.6514859795570374
000000009590.jpg,485.9399719238281,247.92112731933594,521.67919921875,323.917236328125,bottle,0.6459177732467651
000000009590.jpg,254.19003295898438,176.4443817138672,325.6776123046875,251.73568725585938,person,0.6419487595558167
000000009590.jpg,428.5115966796875,226.37249755859375,448.44305419921875,276.7449035644531,bottle,0.6415562033653259
000000009590.jpg,135.88076782226562,155.84580993652344,230.72509765625,285.4004821777344,person,0.618786633014679
000000009590.jpg,476.8819580078125,112.05049133300781,639.7671508789062,283.80621337890625,person,0.6018239855766296
000000009590.jpg,425.6552734375,276.3690490722656,470.5206298828125,305.3741455078125,bowl,0.5675489902496338
000000009590.jpg,541.5841064453125,214.82264709472656,569.77880859375,237.85122680664062,cup,0.5611576437950134
000000009590.jpg,384.265625,271.9862365722656,418.6813659667969,299.3128662109375,bowl,0.5402930378913879
000000009590.jpg,243.39096069335938,259.09661865234375,267.1862487792969,273.07806396484375,bowl,0.46106696128845215
000000009590.jpg,181.31600952148438,280.0680236816406,206.8837890625,307.2587890625,cup,0.4521801471710205
000000009590.jpg,202.4036865234375,253.15625,227.88165283203125,272.10455322265625,bowl,0.42724862694740295
000000009590.jpg,447.3934326171875,250.7860870361328,454.9007568359375,275.84454345703125,bottle,0.4260541796684265
000000009590.jpg,0.040798187255859375,57.16750717163086,367.00567626953125,425.1149597167969,person,0.42601168155670166
000000009590.jpg,325.5992431640625,252.130615234375,346.1153869628906,264.5240173339844,bowl,0.41530826687812805
000000009590.jpg,176.02359008789062,94.45122528076172,200.3990478515625,125.80443572998047,clock,0.41041040420532227
000000009590.jpg,228.15072631835938,255.41366577148438,246.5260467529297,266.6454772949219,bowl,0.4088263511657715
000000009590.jpg,272.03173828125,287.7157897949219,347.4493408203125,301.28460693359375,knife,0.3818437159061432
000000009590.jpg,206.94866943359375,202.8924102783203,226.96621704101562,215.67625427246094,cup bowl,0.3801708519458771
000000009590.jpg,251.14381408691406,249.48031616210938,275.3822021484375,268.769775390625,cup bowl,0.36998873949050903
000000009590.jpg,174.2875518798828,253.7755584716797,639.099609375,423.775146484375,dining table,0.36616575717926025
000000009590.jpg,536.259521484375,300.55859375,579.67724609375,312.1535339355469,fork spoon,0.35864004492759705
000000009769.jpg,552.1683349609375,259.78509521484375,562.6970825195312,278.45526123046875,fire hydrant,0.8661473989486694
000000009769.jpg,139.39576721191406,200.135498046875,188.3787384033203,276.5932922363281,person,0.8128095269203186
000000009769.jpg,84.53797912597656,188.09930419921875,464.1651916503906,374.1694030761719,truck,0.6671315431594849
000000009769.jpg,492.7686767578125,237.0100555419922,533.3003540039062,259.9378967285156,car,0.40194398164749146
000000009769.jpg,624.7723999023438,251.4310760498047,637.8428955078125,263.1739196777344,car,0.39822325110435486
000000009772.jpg,424.17291259765625,89.57373046875,517.2930297851562,186.4228973388672,tv,0.6621779203414917
000000009772.jpg,324.8062744140625,381.1658935546875,406.3094787597656,395.2899475097656,sink,0.5493867993354797
000000009772.jpg,174.07196044921875,380.0205078125,254.15737915039062,394.9951171875,sink,0.5428556203842163
000000009772.jpg,275.1249084472656,229.9073028564453,332.5711364746094,354.94744873046875,person,0.5287975668907166
000000009772.jpg,294.91693115234375,239.64552307128906,303.92584228515625,249.13446044921875,cell phone,0.38481947779655457
000000009772.jpg,0.11805612593889236,449.0972900390625,54.45681381225586,511.5309143066406,toilet,0.35050714015960693
000000009891.jpg,207.1685791015625,94.74058532714844,345.97412109375,417.3810729980469,person,0.8298572897911072
000000009891.jpg,79.4797592163086,102.3176498413086,203.17044067382812,293.5274658203125,person,0.7967941164970398
000000009891.jpg,196.9071044921875,130.23114013671875,242.10287475585938,186.02882385253906,car,0.4975091814994812
000000009891.jpg,173.45993041992188,242.88551330566406,311.50970458984375,401.12548828125,suitcase,0.4855034351348877
000000009891.jpg,309.2627868652344,116.54170227050781,338.347412109375,154.27891540527344,person,0.45125851035118103
000000009891.jpg,417.78887939453125,244.50086975097656,493.3255310058594,335.5949401855469,suitcase,0.446573406457901
000000009891.jpg,182.09764099121094,134.681396484375,205.7827606201172,169.38174438476562,car,0.39743390679359436
000000009891.jpg,346.51971435546875,91.60955810546875,639.5486450195312,309.43609619140625,car,0.38664883375167847
000000009891.jpg,376.46307373046875,299.055908203125,429.9727783203125,374.73834228515625,backpack,0.37971073389053345
000000009891.jpg,108.73130798339844,141.1060028076172,123.71593475341797,188.21014404296875,tie,0.3715563118457794
000000009891.jpg,158.67510986328125,132.1891326904297,202.32705688476562,169.23411560058594,car,0.3713010251522064
000000009891.jpg,417.1204833984375,292.4893798828125,490.6409912109375,378.9772033691406,backpack suitcase,0.35079219937324524
